users_id,users_name
jsmith6,James Smith
ejohns1,Emily Johnson
crodrig9,Carlos Rodriguez
ppatel21,Priya Patel
mali32,Mohammad Ali
onguye19,Olivia Nguyen
mgarci5,Maria Garc√≠a
ekim23,Ethan Kim
akhan21,Aisha Khan
dmarti3,David Martinez
iwong12,Isabella Wong
aahme4,Ahmed Ahmed
schen32,Sophia Chen
akhan12,Amir Khan
msilva9,Mia Silva
athoma4,Aliyah Thomas
ewilso,Elijah Wilson
lrahma6,Leila Rahman
dlopez22,Daniel Lopez
mherna10,Maya Hernandez
lkim17,Lucas Kim
apatel1,Aarav Patel
lnguye5,Layla Nguyen
agonzal4,Alejandro Gonzalez
zsingh1,Zara Singh
lwilli3,Liam Williams
fali28,Fatima Ali
nbrown8,Noah Brown
adavis3,Ava Davis
olee6,Olivia Lee
lkim21,Leo Kim
awhite,Aiden White
akhan2,Amara Khan
emorale1,Eliana Morales
mperez1,Mateo Perez
ssantos6,Sofia Santos
staylor3,Samuel Taylor
hjacks4,Harper Jackson
epatel9,Esha Patel
jkim3,Jacob Kim
swillia2,Sienna Williams
rgarci7,Ryan Garcia
edavis1,Emma Davis
srodri7,Sofia Rodriguez
kahmed2,Khaled Ahmed
zander11,Zoe Anderson
lnguye11,Leo Nguyen
imorale4,Isabella Morales
wsmith12,William Smith
awinte1,Arnell Winter